{
    "name": "all-the-overhaul-modpack",
    "version": "1.4.0",
    "title": "All The Overhauls Modpack",
    "author": "Pig Style",
    "factorio_version": "1.1",
    "description": "Modpack for my SE+K2+248K+BZores playthrough. RampantFixed supported. I did not make any of the mods used, only added them and adjusted settings to make a balanced playstyle.",
    "dependencies": [
        "base >= 1.0.0",
        "248k",
        "aai-containers",
        "aai-industry",
        "? aai-loaders",
        "? ArtilleryShellStack",
        "? Avatars",
        "Bio_Industries",
        "bismuth",
        "? bobinserters",
        "BrassTacks",
        "bz-dsr-bridge",
        "bzaluminum",
        "bzcarbon",
        "bzchlorine",
        "bzfoundry",
        "bzgas",
        "bzgold",
        "bzlead",
        "bzsilicon",
        "bztin",
        "bztitanium",
        "bztungsten",
        "bzzirconium",
        "cargo-ships",
        "cargo-ships-graphics",
        "? Companion_Drones",
        "? companion-drones-rebalanced",
        "? Configurable-Armour-Suits",
        "dredgeworks",
        "Electric-Weapons",
        "? Expensive_Fluid_Must_Flow_Recipes",
        "fireproof-bots",
        "flib",
        "? Flow Control",
        "? FluidMustFlow",
        "? FluidMustFlowSE",
        "grappling-gun",
        "heroturrets",
        "IfNickel",
        "informatron",
        "jetpack",
        "Krastorio2",
        "Krastorio2Assets",
        "? logistic-tanks",
        "LSlib",
        "LR_Turret",
        "manganese",
        "MDbobelectronics",
        "More_Ammo",
        "nach0_248k_k2_compat_patch",
        "nach0_library",
        "? RampantFixed",
        "RitnLib",
        "robot_attrition",
        "? RPGsystem",
        "SchallCircuitGroup",
        "SchallTransportGroup",
        "? se-cme-combinator",
        "? se-flow-control-bridge",
        "se-landfill-le",
        "se-recycling-extras",
        "se-space-trains",
        "? se-qol",
        "SE248kfix",
        "? SensibleGibs",
        "? se_k2_fluid_permutations",
        "shield-projector",
        "simhelper",
        "space-exploration",
        "space-exploration-graphics",
        "space-exploration-graphics-2",
        "space-exploration-graphics-3",
        "space-exploration-graphics-4",
        "space-exploration-graphics-5",
        "space-exploration-menu-simulations",
        "space-exploration-pipes-n-belts",
        "space-exploration-postprocess",
        "? space-spidertron",
        "spaceexplorationdatachipaugmenter",
        "? spidertron-dock",
        "stdlib",
        "TanksSchallGroupsfixes",
        "WipMod_TA-miners",
        "? WideChests"
    ]
}